{
  "train_losses": [
    0.7944993913173676,
    0.7096591502428055,
    0.6086735039949417,
    0.4787038922309875,
    0.4848728120326996
  ],
  "val_losses": [
    0.6888954440752665,
    0.5605281889438629,
    0.35222811500231427,
    0.2817356487115224,
    0.19330328702926636
  ],
  "train_accuracies": [
    56.25,
    58.75,
    70.0,
    76.25,
    78.75
  ],
  "val_accuracies": [
    50.0,
    50.0,
    100.0,
    100.0,
    100.0
  ],
  "val_precisions": [
    0.0,
    0.0,
    1.0,
    1.0,
    1.0
  ],
  "val_recalls": [
    0.0,
    0.0,
    1.0,
    1.0,
    1.0
  ],
  "val_f1_scores": [
    0.0,
    0.0,
    1.0,
    1.0,
    1.0
  ]
}